<?xml version="1.0" encoding="UTF-8"?>
<?xml-stylesheet title="XSL_formatting" type="text/xsl" href="/shared/bsp/xsl/rss/nolsol.xsl"?>

<rss xmlns:media="http://search.yahoo.com/mrss/" xmlns:atom="http://www.w3.org/2005/Atom" version="2.0">
    <channel>
        <title>BBC News - Home</title>
        <link>http://www.bbc.co.uk/news/#sa-ns_mchannel=rss&amp;ns_source=PublicRSS20-sa</link>
        <description>The latest stories from the Home section of the BBC News web site.</description>
        <language>en-gb</language>
        <lastBuildDate>Tue, 15 Dec 2015 19:55:11 GMT</lastBuildDate>
        <copyright>Copyright: (C) British Broadcasting Corporation, see http://news.bbc.co.uk/2/hi/help/rss/4498287.stm for terms and conditions of reuse.</copyright>
        <image>
            <url>http://news.bbcimg.co.uk/nol/shared/img/bbc_news_120x60.gif</url>
            <title>BBC News - Home</title>
            <link>http://www.bbc.co.uk/news/#sa-ns_mchannel=rss&amp;ns_source=PublicRSS20-sa</link>
            <width>120</width>
            <height>60</height>
        </image>
        <ttl>15</ttl>
        <atom:link href="http://feeds.bbci.co.uk/news/rss.xml" rel="self" type="application/rss+xml"/>
        <item>
            <title>UK astronaut Tim Peake boards the ISS</title>
            <description>UK astronaut Tim Peake boards the International Space Station, which will be his home for the next six months.</description>
            <link>http://www.bbc.co.uk/news/science-environment-35101643#sa-ns_mchannel=rss&amp;ns_source=PublicRSS20-sa</link>
            <guid isPermaLink="false">http://www.bbc.co.uk/news/science-environment-35101643</guid>
            <pubDate>Tue, 15 Dec 2015 20:04:48 GMT</pubDate>
            <media:thumbnail width="66" height="49" url="http://c.files.bbci.co.uk/8590/production/_87229143_de54-1.jpg"/>
            <media:thumbnail width="144" height="81" url="http://c.files.bbci.co.uk/ACA0/production/_87229144_de54-1.jpg"/>
        </item>
        <item>
            <title>LA schools shut over email threat</title>
            <description>More than 1,000 schools in Los Angeles are closed and being searched after receiving an unspecified email threat, say US police.</description>
            <link>http://www.bbc.co.uk/news/world-us-canada-35102954#sa-ns_mchannel=rss&amp;ns_source=PublicRSS20-sa</link>
            <guid isPermaLink="false">http://www.bbc.co.uk/news/world-us-canada-35102954</guid>
            <pubDate>Tue, 15 Dec 2015 20:04:21 GMT</pubDate>
        </item>
        <item>
            <title>Love rival jailed for cyclist murder</title>
            <description>A motorist who murdered his love rival by ploughing his car into the man's bicycle at about 40mph is jailed for life.</description>
            <link>http://www.bbc.co.uk/news/uk-england-nottinghamshire-35101463#sa-ns_mchannel=rss&amp;ns_source=PublicRSS20-sa</link>
            <guid isPermaLink="false">http://www.bbc.co.uk/news/uk-england-nottinghamshire-35101463</guid>
            <pubDate>Tue, 15 Dec 2015 16:37:08 GMT</pubDate>
        </item>
        <item>
            <title>Paris attacks suspect held in France</title>
            <description>French police have arrested a man as part of the investigation into the Paris terrorist attacks, sources say.</description>
            <link>http://www.bbc.co.uk/news/world-europe-35102595#sa-ns_mchannel=rss&amp;ns_source=PublicRSS20-sa</link>
            <guid isPermaLink="false">http://www.bbc.co.uk/news/world-europe-35102595</guid>
            <pubDate>Tue, 15 Dec 2015 14:35:48 GMT</pubDate>
        </item>
        <item>
            <title>'No evidence' of Nazi gold train</title>
            <description>There is no evidence that a Nazi train rumoured to be carrying gems and gold has been discovered underground in Poland, experts say.</description>
            <link>http://www.bbc.co.uk/news/world-europe-35104117#sa-ns_mchannel=rss&amp;ns_source=PublicRSS20-sa</link>
            <guid isPermaLink="false">http://www.bbc.co.uk/news/world-europe-35104117</guid>
            <pubDate>Tue, 15 Dec 2015 14:37:04 GMT</pubDate>
        </item>
        <item>
            <title>Russian cruise missile hits flats</title>
            <description>Part of a Russian cruise missile hit a block of flats by accident in Russia's north-west Arctic but nobody was hurt, media report.</description>
            <link>http://www.bbc.co.uk/news/world-europe-35106935#sa-ns_mchannel=rss&amp;ns_source=PublicRSS20-sa</link>
            <guid isPermaLink="false">http://www.bbc.co.uk/news/world-europe-35106935</guid>
            <pubDate>Tue, 15 Dec 2015 17:49:14 GMT</pubDate>
            <media:thumbnail width="66" height="49" url="http://c.files.bbci.co.uk/963E/production/_87226483_breaking_image_large-3.png"/>
            <media:thumbnail width="144" height="81" url="http://c.files.bbci.co.uk/BD4E/production/_87226484_breaking_image_large-3.png"/>
        </item>
        <item>
            <title>UK inflation rate turns positive</title>
            <description>The UK's inflation rate turned positive in November for the first time in four months, official figures show.</description>
            <link>http://www.bbc.co.uk/news/business-35100026#sa-ns_mchannel=rss&amp;ns_source=PublicRSS20-sa</link>
            <guid isPermaLink="false">http://www.bbc.co.uk/news/business-35100026</guid>
            <pubDate>Tue, 15 Dec 2015 14:16:59 GMT</pubDate>
        </item>
        <item>
            <title>Hatton Garden accused 'lost nerve'</title>
            <description>One of the men accused of the Hatton Garden burglary denies being mocked by other members of the gang after he allegedly lost his nerve and left without any of the £14m haul.</description>
            <link>http://www.bbc.co.uk/news/uk-england-35103688#sa-ns_mchannel=rss&amp;ns_source=PublicRSS20-sa</link>
            <guid isPermaLink="false">http://www.bbc.co.uk/news/uk-england-35103688</guid>
            <pubDate>Tue, 15 Dec 2015 15:17:10 GMT</pubDate>
            <media:thumbnail width="66" height="49" url="http://c.files.bbci.co.uk/A08E/production/_87220114_86833728.jpg"/>
            <media:thumbnail width="144" height="81" url="http://c.files.bbci.co.uk/C79E/production/_87220115_86833728.jpg"/>
        </item>
        <item>
            <title>Starbucks pays £8m tax as profits jump</title>
            <description>Starbucks UK has paid more than £8m in tax in the past 12 months on the back of record profits, the coffee chain says.</description>
            <link>http://www.bbc.co.uk/news/business-35102462#sa-ns_mchannel=rss&amp;ns_source=PublicRSS20-sa</link>
            <guid isPermaLink="false">http://www.bbc.co.uk/news/business-35102462</guid>
            <pubDate>Tue, 15 Dec 2015 12:40:56 GMT</pubDate>
            <media:thumbnail width="66" height="49" url="http://c.files.bbci.co.uk/BF41/production/_87216984_starbucks.logo.g.jpg"/>
            <media:thumbnail width="144" height="81" url="http://c.files.bbci.co.uk/E651/production/_87216985_starbucks.logo.g.jpg"/>
        </item>
        <item>
            <title>First Syrian refugees arrive in NI</title>
            <description>The first group of Syrian refugees arrive in Northern Ireland as part of the UK's Vulnerable Persons Relocations Scheme.</description>
            <link>http://www.bbc.co.uk/news/uk-northern-ireland-35098540#sa-ns_mchannel=rss&amp;ns_source=PublicRSS20-sa</link>
            <guid isPermaLink="false">http://www.bbc.co.uk/news/uk-northern-ireland-35098540</guid>
            <pubDate>Tue, 15 Dec 2015 15:39:14 GMT</pubDate>
            <media:thumbnail width="66" height="49" url="http://c.files.bbci.co.uk/B6F0/production/_87223864_img_1637.jpg"/>
            <media:thumbnail width="144" height="81" url="http://c.files.bbci.co.uk/DE00/production/_87223865_img_1637.jpg"/>
        </item>
        <item>
            <title>Busiest and quietest stations revealed</title>
            <description>Britain's busiest and quietest railway stations are revealed by the rail regulator, with one having just 22 entries and exits across the whole of last year.</description>
            <link>http://www.bbc.co.uk/news/uk-35105105#sa-ns_mchannel=rss&amp;ns_source=PublicRSS20-sa</link>
            <guid isPermaLink="false">http://www.bbc.co.uk/news/uk-35105105</guid>
            <pubDate>Tue, 15 Dec 2015 19:55:48 GMT</pubDate>
        </item>
        <item>
            <title>'Revenge porn' shooting man jailed</title>
            <description>A man who shot his wife's lover, who had posted a "revenge porn" photograph of her on Facebook, has been jailed.</description>
            <link>http://www.bbc.co.uk/news/uk-england-york-north-yorkshire-35100078#sa-ns_mchannel=rss&amp;ns_source=PublicRSS20-sa</link>
            <guid isPermaLink="false">http://www.bbc.co.uk/news/uk-england-york-north-yorkshire-35100078</guid>
            <pubDate>Tue, 15 Dec 2015 13:53:01 GMT</pubDate>
        </item>
        <item>
            <title>VIDEO: Tim Peake enters Space Station</title>
            <description>Live coverage as UK astronaut Tim Peake enters the International Space Station.</description>
            <link>http://www.bbc.co.uk/news/science-environment-35101154#sa-ns_mchannel=rss&amp;ns_source=PublicRSS20-sa</link>
            <guid isPermaLink="false">http://www.bbc.co.uk/news/science-environment-35101154</guid>
            <pubDate>Tue, 15 Dec 2015 19:05:52 GMT</pubDate>
            <media:thumbnail width="66" height="49" url="http://c.files.bbci.co.uk/1708F/production/_87215349_87215228.jpg"/>
            <media:thumbnail width="144" height="81" url="http://c.files.bbci.co.uk/14E7/production/_87215350_87215228.jpg"/>
        </item>
        <item>
            <title>VIDEO: Tim Peake and Soyuz rocket blast off</title>
            <description>Tim Peake has launched into space on a Russian Soyuz rocket to become Britain's first official astronaut on board the International Space Station.</description>
            <link>http://www.bbc.co.uk/news/science-environment-35102646#sa-ns_mchannel=rss&amp;ns_source=PublicRSS20-sa</link>
            <guid isPermaLink="false">http://www.bbc.co.uk/news/science-environment-35102646</guid>
            <pubDate>Tue, 15 Dec 2015 15:22:27 GMT</pubDate>
            <media:thumbnail width="66" height="49" url="http://c.files.bbci.co.uk/7B53/production/_87217513_87217387.jpg"/>
            <media:thumbnail width="144" height="81" url="http://c.files.bbci.co.uk/A263/production/_87217514_87217387.jpg"/>
        </item>
        <item>
            <title>VIDEO: Who's doing what in anti-IS coalition?</title>
            <description>The BBC's James Robbins looks at who is doing what in the US-led coalition fighting so-called Islamic State militants in Iraq and Syria.</description>
            <link>http://www.bbc.co.uk/news/world-middle-east-35102555#sa-ns_mchannel=rss&amp;ns_source=PublicRSS20-sa</link>
            <guid isPermaLink="false">http://www.bbc.co.uk/news/world-middle-east-35102555</guid>
            <pubDate>Tue, 15 Dec 2015 13:16:34 GMT</pubDate>
        </item>
        <item>
            <title>VIDEO: 'The abuse started the day I met him'</title>
            <description>Lindsay suffered both physical violence and extreme psychological and emotional abuse, known as coercive control, from her ex-partner.</description>
            <link>http://www.bbc.co.uk/news/uk-35098396#sa-ns_mchannel=rss&amp;ns_source=PublicRSS20-sa</link>
            <guid isPermaLink="false">http://www.bbc.co.uk/news/uk-35098396</guid>
            <pubDate>Tue, 15 Dec 2015 00:34:03 GMT</pubDate>
        </item>
        <item>
            <title>VIDEO: Revenge porn victim 'degraded and ashamed'</title>
            <description>A woman whose ex-boyfriend was the first man to be sentenced under new "revenge porn" laws is calling for a change in the law to give all other victims the right to anonymity in such cases.</description>
            <link>http://www.bbc.co.uk/news/uk-35103948#sa-ns_mchannel=rss&amp;ns_source=PublicRSS20-sa</link>
            <guid isPermaLink="false">http://www.bbc.co.uk/news/uk-35103948</guid>
            <pubDate>Tue, 15 Dec 2015 13:11:57 GMT</pubDate>
        </item>
        <item>
            <title>VIDEO: Angry guest smashes truck into hotel</title>
            <description>A disgruntled hotel guest crashed his vehicle into the lobby of a hotel in the US, after a dispute over a bill.</description>
            <link>http://www.bbc.co.uk/news/world-us-canada-35100229#sa-ns_mchannel=rss&amp;ns_source=PublicRSS20-sa</link>
            <guid isPermaLink="false">http://www.bbc.co.uk/news/world-us-canada-35100229</guid>
            <pubDate>Tue, 15 Dec 2015 10:10:12 GMT</pubDate>
            <media:thumbnail width="66" height="49" url="http://c.files.bbci.co.uk/11B5D/production/_87214527_87213323.jpg"/>
            <media:thumbnail width="144" height="81" url="http://c.files.bbci.co.uk/1426D/production/_87214528_87213323.jpg"/>
        </item>
        <item>
            <title>VIDEO: Beddau murder couple 'abandoned kids'</title>
            <description>Archive TV footage from New Zealand about a couple at the centre of a murder investigation in Wales who abandoned their children to start a new life in Australia.</description>
            <link>http://www.bbc.co.uk/news/uk-wales-35104524#sa-ns_mchannel=rss&amp;ns_source=PublicRSS20-sa</link>
            <guid isPermaLink="false">http://www.bbc.co.uk/news/uk-wales-35104524</guid>
            <pubDate>Tue, 15 Dec 2015 14:41:32 GMT</pubDate>
        </item>
        <item>
            <title>VIDEO: Star Wars 'met all my expectations'</title>
            <description>Star Wars fans lucky enough to have seen the new sequel have been giving their verdict on the latest film.</description>
            <link>http://www.bbc.co.uk/news/entertainment-arts-35100224#sa-ns_mchannel=rss&amp;ns_source=PublicRSS20-sa</link>
            <guid isPermaLink="false">http://www.bbc.co.uk/news/entertainment-arts-35100224</guid>
            <pubDate>Tue, 15 Dec 2015 09:17:51 GMT</pubDate>
            <media:thumbnail width="66" height="49" url="http://c.files.bbci.co.uk/139CB/production/_87213308_87213249.jpg"/>
            <media:thumbnail width="144" height="81" url="http://c.files.bbci.co.uk/160DB/production/_87213309_87213249.jpg"/>
        </item>
        <item>
            <title>US Muslims reel at Trump supporters' hostility</title>
            <description>Donald Trump's incendiary rhetoric has left US Muslims feeling isolated and victimised, says James Cook.</description>
            <link>http://www.bbc.co.uk/news/world-us-canada-35100094#sa-ns_mchannel=rss&amp;ns_source=PublicRSS20-sa</link>
            <guid isPermaLink="false">http://www.bbc.co.uk/news/world-us-canada-35100094</guid>
            <pubDate>Tue, 15 Dec 2015 12:17:47 GMT</pubDate>
        </item>
        <item>
            <title>Merkel's demise greatly exaggerated</title>
            <description>Angela Merkel's uncompromising stance over refugees has not been popular within her own party but she is standing firm, says Jenny Hill.</description>
            <link>http://www.bbc.co.uk/news/world-europe-35096556#sa-ns_mchannel=rss&amp;ns_source=PublicRSS20-sa</link>
            <guid isPermaLink="false">http://www.bbc.co.uk/news/world-europe-35096556</guid>
            <pubDate>Tue, 15 Dec 2015 02:06:56 GMT</pubDate>
        </item>
        <item>
            <title>The computer virus that blackmails you</title>
            <description>Ransomware is becoming the fastest growing form of computer malware, experts warn.</description>
            <link>http://www.bbc.co.uk/news/technology-35091714#sa-ns_mchannel=rss&amp;ns_source=PublicRSS20-sa</link>
            <guid isPermaLink="false">http://www.bbc.co.uk/news/technology-35091714</guid>
            <pubDate>Mon, 14 Dec 2015 13:33:28 GMT</pubDate>
        </item>
        <item>
            <title>Why do many Americans mistrust the Federal Reserve?</title>
            <description>Many Americans do not trust their central bank, US Federal Reserve, but their scepticism isn’t new - it dates back to the early years of the republic.</description>
            <link>http://www.bbc.co.uk/news/business-35079495#sa-ns_mchannel=rss&amp;ns_source=PublicRSS20-sa</link>
            <guid isPermaLink="false">http://www.bbc.co.uk/news/business-35079495</guid>
            <pubDate>Tue, 15 Dec 2015 00:31:49 GMT</pubDate>
            <media:thumbnail width="66" height="49" url="http://c.files.bbci.co.uk/B64E/production/_87207664_gettyimages-171044921.jpg"/>
            <media:thumbnail width="144" height="81" url="http://c.files.bbci.co.uk/DD5E/production/_87207665_gettyimages-171044921.jpg"/>
        </item>
        <item>
            <title>Mao letter to Attlee fetches £605,000</title>
            <description>A 1937 letter from Chinese Communist Party leader Mao Zedong to then-UK Labour Party leader Clement Attlee sells at auction for more than £600,000.</description>
            <link>http://www.bbc.co.uk/news/uk-35103383#sa-ns_mchannel=rss&amp;ns_source=PublicRSS20-sa</link>
            <guid isPermaLink="false">http://www.bbc.co.uk/news/uk-35103383</guid>
            <pubDate>Tue, 15 Dec 2015 17:47:16 GMT</pubDate>
        </item>
        <item>
            <title>Bearded triathlete sails length of UK</title>
            <description>An extreme adventurer becomes the first person to run, swim, cycle and sail from Land's End to John O'Groats.</description>
            <link>http://www.bbc.co.uk/news/uk-england-35099548#sa-ns_mchannel=rss&amp;ns_source=PublicRSS20-sa</link>
            <guid isPermaLink="false">http://www.bbc.co.uk/news/uk-england-35099548</guid>
            <pubDate>Tue, 15 Dec 2015 10:36:53 GMT</pubDate>
        </item>
        <item>
            <title>Bristol block Borthwick England move</title>
            <description>Bristol say they have not reached a deal with the Rugby Football Union over the appointment of Steve Borthwick as England forwards coach.</description>
            <link>http://www.bbc.co.uk/sport/0/rugby-union/35104747</link>
            <guid isPermaLink="false">http://www.bbc.co.uk/sport/0/rugby-union/35104747</guid>
            <pubDate>Tue, 15 Dec 2015 19:52:19 GMT</pubDate>
            <media:thumbnail width="66" height="37" url="http://c.files.bbci.co.uk/1432C/production/_87223728_borthwick_getty.jpg"/>
            <media:thumbnail width="144" height="81" url="http://c.files.bbci.co.uk/16A3C/production/_87223729_borthwick_getty.jpg"/>
        </item>
        <item>
            <title>Giants put Ferres on transfer list</title>
            <description>Huddersfield Giants put England prop Brett Ferres on the transfer list after an internal investigation.</description>
            <link>http://www.bbc.co.uk/sport/0/rugby-league/35104050</link>
            <guid isPermaLink="false">http://www.bbc.co.uk/sport/0/rugby-league/35104050</guid>
            <pubDate>Tue, 15 Dec 2015 17:07:19 GMT</pubDate>
            <media:thumbnail width="66" height="37" url="http://c.files.bbci.co.uk/15CB8/production/_87227298_brett_ferres-2.jpg"/>
            <media:thumbnail width="144" height="81" url="http://c.files.bbci.co.uk/183C8/production/_87227299_brett_ferres-2.jpg"/>
        </item>
        <item>
            <title>Blatter facing 'the Inquisition'</title>
            <description>Banned Fifa president Sepp Blatter reiterates his innocence to all 209 national football associations over ethics charges.</description>
            <link>http://www.bbc.co.uk/sport/0/football/35102749</link>
            <guid isPermaLink="false">http://www.bbc.co.uk/sport/0/football/35102749</guid>
            <pubDate>Tue, 15 Dec 2015 16:06:47 GMT</pubDate>
            <media:thumbnail width="66" height="37" url="http://c.files.bbci.co.uk/10560/production/_87221966_blatter_reuters.jpg"/>
            <media:thumbnail width="144" height="81" url="http://c.files.bbci.co.uk/12C70/production/_87221967_blatter_reuters.jpg"/>
        </item>
        <item>
            <title>England v Wales Euro 2016 tie on BBC</title>
            <description>The Euro 2016 group match between home nations England and Wales in Lens will be broadcast live across the BBC.</description>
            <link>http://www.bbc.co.uk/sport/0/football/35101550</link>
            <guid isPermaLink="false">http://www.bbc.co.uk/sport/0/football/35101550</guid>
            <pubDate>Tue, 15 Dec 2015 17:41:03 GMT</pubDate>
            <media:thumbnail width="66" height="37" url="http://c.files.bbci.co.uk/120FD/production/_87218937_young_bale_getty.jpg"/>
            <media:thumbnail width="144" height="81" url="http://c.files.bbci.co.uk/1480D/production/_87218938_young_bale_getty.jpg"/>
        </item>
        <item>
            <title>UK house prices 'rising strongly'</title>
            <description>UK house prices continued to grow strongly in October, the Office for National Statistics says.</description>
            <link>http://www.bbc.co.uk/news/business-35101209#sa-ns_mchannel=rss&amp;ns_source=PublicRSS20-sa</link>
            <guid isPermaLink="false">http://www.bbc.co.uk/news/business-35101209</guid>
            <pubDate>Tue, 15 Dec 2015 12:03:05 GMT</pubDate>
        </item>
        <item>
            <title>Weak Asian sales hit Prada profits</title>
            <description>Italian luxury brand Prada reported a steep drop in profits on Tuesday after sales in Asia tumbled.</description>
            <link>http://www.bbc.co.uk/news/business-35106686#sa-ns_mchannel=rss&amp;ns_source=PublicRSS20-sa</link>
            <guid isPermaLink="false">http://www.bbc.co.uk/news/business-35106686</guid>
            <pubDate>Tue, 15 Dec 2015 19:31:57 GMT</pubDate>
        </item>
        <item>
            <title>'No taboos' when EU debates UK demands</title>
            <description>EU leaders have to hold a "serious debate with no taboos" on David Cameron's reform demands, European Council president Donald Tusk says.</description>
            <link>http://www.bbc.co.uk/news/uk-politics-eu-referendum-35106142#sa-ns_mchannel=rss&amp;ns_source=PublicRSS20-sa</link>
            <guid isPermaLink="false">http://www.bbc.co.uk/news/uk-politics-eu-referendum-35106142</guid>
            <pubDate>Tue, 15 Dec 2015 16:47:55 GMT</pubDate>
        </item>
        <item>
            <title>Thatcher's red box sells for £242,500</title>
            <description>A red prime ministerial dispatch box belonging to the late Margaret Thatcher sells for £242,500 at an auction of her belongings in London.</description>
            <link>http://www.bbc.co.uk/news/uk-35100338#sa-ns_mchannel=rss&amp;ns_source=PublicRSS20-sa</link>
            <guid isPermaLink="false">http://www.bbc.co.uk/news/uk-35100338</guid>
            <pubDate>Tue, 15 Dec 2015 17:49:35 GMT</pubDate>
        </item>
        <item>
            <title>Mum 'can't wait for chemo' after birth</title>
            <description>A mother who gave birth to her daughter 12 weeks early in order to be treated for cancer says she "can't wait to start chemo".</description>
            <link>http://www.bbc.co.uk/news/uk-england-bristol-35098753#sa-ns_mchannel=rss&amp;ns_source=PublicRSS20-sa</link>
            <guid isPermaLink="false">http://www.bbc.co.uk/news/uk-england-bristol-35098753</guid>
            <pubDate>Tue, 15 Dec 2015 08:06:15 GMT</pubDate>
            <media:thumbnail width="66" height="49" url="http://c.files.bbci.co.uk/A619/production/_87212524_allyandheidi.jpg"/>
            <media:thumbnail width="144" height="81" url="http://c.files.bbci.co.uk/CD29/production/_87212525_allyandheidi.jpg"/>
        </item>
        <item>
            <title>'Poor care' rehab unit to close</title>
            <description>A neurological rehabilitation centre where poor care of a brain-damaged patient was filmed secretly by worried relatives is to close.</description>
            <link>http://www.bbc.co.uk/news/uk-england-kent-35107030#sa-ns_mchannel=rss&amp;ns_source=PublicRSS20-sa</link>
            <guid isPermaLink="false">http://www.bbc.co.uk/news/uk-england-kent-35107030</guid>
            <pubDate>Tue, 15 Dec 2015 19:26:07 GMT</pubDate>
        </item>
        <item>
            <title>OECD in judgement on Scots curriculum</title>
            <description>An OECD report says Scottish schools remain above international averages - but the gap is narrowing.</description>
            <link>http://www.bbc.co.uk/news/uk-scotland-35101835#sa-ns_mchannel=rss&amp;ns_source=PublicRSS20-sa</link>
            <guid isPermaLink="false">http://www.bbc.co.uk/news/uk-scotland-35101835</guid>
            <pubDate>Tue, 15 Dec 2015 14:59:51 GMT</pubDate>
        </item>
        <item>
            <title>Fight to save school for deaf pupils</title>
            <description>Campaigners are fighting to save a specialist school for deaf children, which closed suddenly last week.</description>
            <link>http://www.bbc.co.uk/news/education-35101604#sa-ns_mchannel=rss&amp;ns_source=PublicRSS20-sa</link>
            <guid isPermaLink="false">http://www.bbc.co.uk/news/education-35101604</guid>
            <pubDate>Tue, 15 Dec 2015 13:28:39 GMT</pubDate>
        </item>
        <item>
            <title>Star Citizen raises $100m game fund</title>
            <description>Crowdfunded video game Star Citizen has raised more than $100m (£66m) from fans, backers and players.</description>
            <link>http://www.bbc.co.uk/news/technology-35100796#sa-ns_mchannel=rss&amp;ns_source=PublicRSS20-sa</link>
            <guid isPermaLink="false">http://www.bbc.co.uk/news/technology-35100796</guid>
            <pubDate>Tue, 15 Dec 2015 12:20:46 GMT</pubDate>
        </item>
        <item>
            <title>Ashley Madison members blackmailed</title>
            <description>Some victims of the Ashley Madison hack are now receiving blackmail letters, demanding cash under threat of exposure.</description>
            <link>http://www.bbc.co.uk/news/technology-35101662#sa-ns_mchannel=rss&amp;ns_source=PublicRSS20-sa</link>
            <guid isPermaLink="false">http://www.bbc.co.uk/news/technology-35101662</guid>
            <pubDate>Tue, 15 Dec 2015 11:35:43 GMT</pubDate>
            <media:thumbnail width="66" height="49" url="http://c.files.bbci.co.uk/262B/production/_87217790_ashleymadisonreuters.jpg"/>
            <media:thumbnail width="144" height="81" url="http://c.files.bbci.co.uk/4D3B/production/_87217791_ashleymadisonreuters.jpg"/>
        </item>
        <item>
            <title>Mission tracks global pollutant trends</title>
            <description>The success of clean air legislation in western developed countries is evident in a 10-year satellite study that tracks big declines of the pollutant nitrogen dioxide.</description>
            <link>http://www.bbc.co.uk/news/science-environment-35099519#sa-ns_mchannel=rss&amp;ns_source=PublicRSS20-sa</link>
            <guid isPermaLink="false">http://www.bbc.co.uk/news/science-environment-35099519</guid>
            <pubDate>Tue, 15 Dec 2015 07:54:07 GMT</pubDate>
            <media:thumbnail width="66" height="49" url="http://c.files.bbci.co.uk/828D/production/_87212433_global_abs_2014.jpg"/>
            <media:thumbnail width="144" height="81" url="http://c.files.bbci.co.uk/A99D/production/_87212434_global_abs_2014.jpg"/>
        </item>
        <item>
            <title>UK butterflies in '40-year slump'</title>
            <description>More than three-quarters of the UK's butterflies have declined in the past 40 years, according to scientists.</description>
            <link>http://www.bbc.co.uk/news/science-environment-35093468#sa-ns_mchannel=rss&amp;ns_source=PublicRSS20-sa</link>
            <guid isPermaLink="false">http://www.bbc.co.uk/news/science-environment-35093468</guid>
            <pubDate>Tue, 15 Dec 2015 01:04:52 GMT</pubDate>
            <media:thumbnail width="66" height="49" url="http://c.files.bbci.co.uk/25A8/production/_87204690_87204684.jpg"/>
            <media:thumbnail width="144" height="81" url="http://c.files.bbci.co.uk/4CB8/production/_87204691_87204684.jpg"/>
        </item>
        <item>
            <title>Star Wars sequel has world premiere</title>
            <description>The hotly-anticipated latest instalment in the Star Wars franchise, The Force Awakens, gets its world premiere in Los Angeles.</description>
            <link>http://www.bbc.co.uk/news/entertainment-arts-35087192#sa-ns_mchannel=rss&amp;ns_source=PublicRSS20-sa</link>
            <guid isPermaLink="false">http://www.bbc.co.uk/news/entertainment-arts-35087192</guid>
            <pubDate>Tue, 15 Dec 2015 08:34:03 GMT</pubDate>
        </item>
        <item>
            <title>Du Beke and Derham deny Strictly 'fix'</title>
            <description>Strictly Come Dancing's Anton Du Beke and Katie Derham hit back at suggestions they were "helped" into the final by the judges.</description>
            <link>http://www.bbc.co.uk/news/entertainment-arts-35099897#sa-ns_mchannel=rss&amp;ns_source=PublicRSS20-sa</link>
            <guid isPermaLink="false">http://www.bbc.co.uk/news/entertainment-arts-35099897</guid>
            <pubDate>Tue, 15 Dec 2015 12:35:23 GMT</pubDate>
        </item>
        <item>
            <title>The employees shut inside coffins</title>
            <description>Companies in South Korea are getting their staff to take part in their own pretend funerals to make them appreciate life.</description>
            <link>http://www.bbc.co.uk/news/magazine-34797017#sa-ns_mchannel=rss&amp;ns_source=PublicRSS20-sa</link>
            <guid isPermaLink="false">http://www.bbc.co.uk/news/magazine-34797017</guid>
            <pubDate>Mon, 14 Dec 2015 00:52:50 GMT</pubDate>
        </item>
        <item>
            <title>Girl power among the 'boy toys'</title>
            <description>Female action heroes are reaching new heights in Hollywood blockbusters like Star Wars: The Force Awakens, but there is one place where their power has hit a wall.</description>
            <link>http://www.bbc.co.uk/news/magazine-34968467#sa-ns_mchannel=rss&amp;ns_source=PublicRSS20-sa</link>
            <guid isPermaLink="false">http://www.bbc.co.uk/news/magazine-34968467</guid>
            <pubDate>Mon, 14 Dec 2015 02:10:43 GMT</pubDate>
        </item>
        <item>
            <title>Your pictures: Signs</title>
            <description>Readers' photographs on the theme of signs.</description>
            <link>http://www.bbc.co.uk/news/in-pictures-35049526#sa-ns_mchannel=rss&amp;ns_source=PublicRSS20-sa</link>
            <guid isPermaLink="false">http://www.bbc.co.uk/news/in-pictures-35049526</guid>
            <pubDate>Wed, 09 Dec 2015 15:40:52 GMT</pubDate>
        </item>
        <item>
            <title>Week in pictures</title>
            <description>A selection of the best news photographs from around the world taken over the past week.</description>
            <link>http://www.bbc.co.uk/news/in-pictures-35070105#sa-ns_mchannel=rss&amp;ns_source=PublicRSS20-sa</link>
            <guid isPermaLink="false">http://www.bbc.co.uk/news/in-pictures-35070105</guid>
            <pubDate>Sat, 12 Dec 2015 00:55:21 GMT</pubDate>
        </item>
        <item>
            <title>Flying close to China's new islands</title>
            <description>China's navy warns the BBC to fly away from its new islands</description>
            <link>http://www.bbc.co.uk/news/magazine-35031313#sa-ns_mchannel=rss&amp;ns_source=PublicRSS20-sa</link>
            <guid isPermaLink="false">http://www.bbc.co.uk/news/magazine-35031313</guid>
            <pubDate>Mon, 14 Dec 2015 22:00:37 GMT</pubDate>
            <media:thumbnail width="66" height="49" url="http://c.files.bbci.co.uk/7347/production/_87211592_gavenreef.jpg"/>
            <media:thumbnail width="144" height="81" url="http://c.files.bbci.co.uk/9A57/production/_87211593_gavenreef.jpg"/>
        </item>
        <item>
            <title>'I was in Star Wars'</title>
            <description>The bit part actors who are now more popular than ever</description>
            <link>http://www.bbc.co.uk/news/entertainment-arts-35094162#sa-ns_mchannel=rss&amp;ns_source=PublicRSS20-sa</link>
            <guid isPermaLink="false">http://www.bbc.co.uk/news/entertainment-arts-35094162</guid>
            <pubDate>Tue, 15 Dec 2015 00:14:52 GMT</pubDate>
        </item>
        <item>
            <title>The strange psychology of pain relief medicine</title>
            <description>Why do people buy expensive painkillers?</description>
            <link>http://www.bbc.co.uk/news/magazine-35091242#sa-ns_mchannel=rss&amp;ns_source=PublicRSS20-sa</link>
            <guid isPermaLink="false">http://www.bbc.co.uk/news/magazine-35091242</guid>
            <pubDate>Tue, 15 Dec 2015 11:09:26 GMT</pubDate>
        </item>
        <item>
            <title>Serena Williams is Sportsperson of the Year. Not everyone agrees</title>
            <description>Serena Williams is Sportsperson of the Year - but some disagree</description>
            <link>http://www.bbc.co.uk/news/blogs-trending-35077124#sa-ns_mchannel=rss&amp;ns_source=PublicRSS20-sa</link>
            <guid isPermaLink="false">http://www.bbc.co.uk/news/blogs-trending-35077124</guid>
            <pubDate>Tue, 15 Dec 2015 00:28:17 GMT</pubDate>
            <media:thumbnail width="66" height="49" url="http://c.files.bbci.co.uk/BCA2/production/_87209284_gettyimages-500415454.jpg"/>
            <media:thumbnail width="144" height="81" url="http://c.files.bbci.co.uk/E3B2/production/_87209285_gettyimages-500415454.jpg"/>
        </item>
        <item>
            <title>Is Christmas shopping by smartphone just two taps away?</title>
            <description>How online shopping by smartphone is becoming easier</description>
            <link>http://www.bbc.co.uk/news/business-35074682#sa-ns_mchannel=rss&amp;ns_source=PublicRSS20-sa</link>
            <guid isPermaLink="false">http://www.bbc.co.uk/news/business-35074682</guid>
            <pubDate>Tue, 15 Dec 2015 00:29:10 GMT</pubDate>
            <media:thumbnail width="66" height="49" url="http://c.files.bbci.co.uk/5897/production/_87197622_thinkstockphotos-496635338.jpg"/>
            <media:thumbnail width="144" height="81" url="http://c.files.bbci.co.uk/7FA7/production/_87197623_thinkstockphotos-496635338.jpg"/>
        </item>
        <item>
            <title>'I do my crying in the shower'</title>
            <description>Caring for a loved one with dementia can be isolating</description>
            <link>http://www.bbc.co.uk/news/health-35090765#sa-ns_mchannel=rss&amp;ns_source=PublicRSS20-sa</link>
            <guid isPermaLink="false">http://www.bbc.co.uk/news/health-35090765</guid>
            <pubDate>Tue, 15 Dec 2015 03:11:28 GMT</pubDate>
        </item>
        <item>
            <title>Delhi gang rape: Second chance for teenage rapist?</title>
            <description>Freedom looms for Delhi's teenage rapist - what now?</description>
            <link>http://www.bbc.co.uk/news/world-asia-india-35069562#sa-ns_mchannel=rss&amp;ns_source=PublicRSS20-sa</link>
            <guid isPermaLink="false">http://www.bbc.co.uk/news/world-asia-india-35069562</guid>
            <pubDate>Tue, 15 Dec 2015 00:05:06 GMT</pubDate>
        </item>
        <item>
            <title>Premier League's tales of unexpected</title>
            <description>'Premier League's hallmark has been unpredictability this year'</description>
            <link>http://www.bbc.co.uk/sport/0/football/35098742</link>
            <guid isPermaLink="false">http://www.bbc.co.uk/sport/0/football/35098742</guid>
            <pubDate>Tue, 15 Dec 2015 01:21:56 GMT</pubDate>
            <media:thumbnail width="66" height="37" url="http://c.files.bbci.co.uk/DFF3/production/_87213375_leicester_getty_images.jpg"/>
            <media:thumbnail width="144" height="81" url="http://c.files.bbci.co.uk/10703/production/_87213376_leicester_getty_images.jpg"/>
        </item>
    </channel>
</rss>